"vehicule_sk","vehicule_code","mode","fuel_type","operateur","line_sk","eco_label","badge_mode"
"1","V00001","voiture","diesel","Private","21","N/A","T1"
"2","V00002 ","bus","hybrid","TaM","2","EURO 5","T2"
"3","V00003","métro","electric","Tisséo","1","Zéro émission","T3"
"4","V00004","voiture","electric","Private","21","Zéro émission","T1"
"5","V00005","vélo","electric","Private","22","Zéro émission","T4"
"6","V00006","bus","diesel","Lignes d'Azur","13","N/A","T2"
"7","V00007","vélo","human","Private","22","Zéro émission","T4"
"8","V00008","bus","electric","Ilévia","3","Zéro émission","T2"
"9","V00009","bus","diesel","TBM","5","N/A","T2"
"10","V00010","voiture","electric","Private","21","Zéro émission","T1"
"11","V00011","bus","hybrid","RATP","15","Zéro émission","T2"
"12","V00012","voiture","diesel","Private","21","N/A","T1"
"13","V00013","tram","electric","TaM","4","Zéro émission","T5"
"14","V00014","bus","diesel","TaM","12","N/A","T2"
"15","V00015","voiture","electric","Private","21","Zéro émission","T1"
"16","V00016","vélo","electric","Private","22","Zéro émission","T4"
"17","V00017","vélo","electric","Private","22","Zéro émission","T4"
"18","V00018","voiture","diesel","Private","21","EURO 6","T1"
"19","V00019","vélo","human","Private","22","Zéro émission","T4"
"20","V00020","voiture","electric","Private","21","Zéro émission","T1"
"21","V00021","bus","electric","CTS","15","Zéro émission","T2"
"22","V00022","bus","diesel","TBM","15","EURO 6","T2"
"23","V00023","voiture","diesel","Private","21","Euro6","T1"
"24","V00024","voiture","diesel","Private","21","N/A","T1"
"25","V00025","bus","electric","RTM","13","Zéro émission","T2"
"26","V00026","voiture","electric","Private","21","Zéro émission","T1"
"27","V00027","voiture","essence","Private","21","EURO 6","T1"
"28","V00028","voiture","diesel","Private","21","EURO 6","T1"
"29","V00029","bus","diesel","TCL","15","N/A","T2"
"30","V00030","bus","diesel","Ilévia","15","N/A","T2"
"31","V00031","bus","hybrid","CTS","15","Euro6","T2"
"32","V00032","tram","electric","Tisséo","15","Zéro émission","T5"
"33","V00033","vélo","human","Private","22","Zéro émission","T4"
"34","V00034","vélo","electric","Private","22","Zéro émission","T4"
"35","V00035","voiture","electric","Private","21","Zéro émission","T1"
"36","V00036","métro","electric","TAN","5","Zéro émission","T3"
"37","V00037","voiture","diesel","Private","21","EURO 6","T1"
"38","V00038","bus","diesel","RTM","4","Euro6","T2"
"39","V00039 ","métro","electric","TaM","8","Zéro émission","T3"
"40","V00040","bus","electric","Ilévia","15","Zéro émission","T2"
"41","V00041","vélo","electric","Private","22","Zéro émission","T4"
"42","V00042","vélo","electric","Private","22","Zéro émission","T4"
"43","V00043","bus","hybrid","TCL","14","EURO 6","T2"
"44","V00044","voiture","diesel","Private","21","EURO 6","T1"
"45","V00045","vélo","human","Private","22","Zéro émission","T4"
"46","V00046","voiture","diesel","Private","21","EURO 6","T1"
"47","V00047","bus","electric","CTS","15","Zéro émission","T2"
"48","V00048","vélo","human","Private","22","Zéro émission","T4"
"49","V00049","métro","electric","TBM","12","Zéro émission","T3"
"50","V00050","bus","hybrid","CTS","2","Zéro émission","T2"
"51","V00051","vélo","electric","Private","22","Zéro émission","T4"
"52","V00052","vélo","human","Private","22","Zéro émission","T4"
"53","V00053","bus","diesel","Lignes d'Azur","12","EURO 5","T2"
"54","V00054","tram","electric","TBM","13","Zéro émission","T5"
"55","V00055","tram","electric","TaM","9","Zéro émission","T5"
"56","V00056","voiture","diesel","Private","21","EURO 6","T1"
"57","V00057","voiture","diesel","Private","21","EURO 5","T1"
"58","V00058","voiture","essence","Private","21","EURO 6","T1"
"59","V00059 ","tram","electric","Ilévia","1","Zéro émission","T5"
"60","V00060","bus","hybrid","Lignes d'Azur","5","N/A","T2"
"61","V00061 ","voiture","diesel","Private","21","Euro6","T1"
"62","V00062","tram","electric","Tisséo","15","Zéro émission","T5"
"63","V00063","vélo","human","Private","22","Zéro émission","T4"
"64","V00064","voiture","electric","Private","21","Zéro émission","T1"
"65","V00065","métro","electric","TCL","14","Zéro émission","T3"
"66","V00066","vélo","human","Private","22","Zéro émission","T4"
"67","V00067","bus","diesel","TBM","11","EURO 5","T2"
"68","V00068","bus","diesel","Ilévia","3","N/A","T2"
"69","V00069","voiture","diesel","Private","21","EURO 5","T1"
"70","V00070","tram","electric","TBM","5","Zéro émission","T5"
"71","V00071","vélo","electric","Private","22","Zéro émission","T4"
"72","V00072","métro","electric","TBM","15","Zéro émission","T3"
"73","V00073","voiture","essence","Private","21","EURO 5","T1"
"74","V00074","vélo","Electric","Private","22","Zéro émission","T4"
"75","V00075","vélo","electric","Private","22","Zéro émission","T4"
"76","V00076","bus","hybrid","TBM","15","N/A","T2"
"77","V00077","métro","electric","Lignes d'Azur","15","Zéro émission","T3"
"78","V00078","bus","diesel","Lignes d'Azur","15","N/A","T2"
"79","V00079","voiture","essence","Private","21","N/A","T1"
"80","V00080","voiture","essence","Private","21","N/A","T1"
"81","V00081","bus","hybrid","TCL","1","N/A","T2"
"82","V00082","bus","diesel","RTM","3","N/A","T2"
"83","V00083","vélo","electric","Private","22","Zéro émission","T4"
"84","V00084","bus","electric","RTM","14","Zéro émission","T2"
"85","V00085","tram","electric","TBM","14","Zéro émission","T5"
"86","V00086","tram","electric","RATP","5","Zéro émission","T5"
"87","V00087","voiture","diesel","Private","21","N/A","T1"
"88","V00088","bus","diesel","CTS","11","N/A","T2"
"89","V00089","voiture","electric","Private","21","Zéro émission","T1"
"90","V00090","vélo","electric","Private","22","Zéro émission","T4"
"91","V00091","voiture","diesel","Private","21","EURO 5","T1"
"92","V00092","voiture","essence","Private","21","EURO 5","T1"
"93","V00093","bus","hybrid","Ilévia","5","N/A","T2"
"94","V00094","bus","diesel","TBM","11","N/A","T2"
"95","V00095","voiture","electric","Private","21","Zéro émission","T1"
"96","V00096","vélo","electric","Private","22","Zéro émission","T4"
"97","V00097","vélo","human","Private","22","Zéro émission","T4"
"98","V00098","voiture","essence","Private","21","Euro6","T1"
"99","V00099","bus","diesel","TBM","8","EURO 6","T2"
"100","V00100","bus","diesel","Ilévia","9","Euro6","T2"
"101","V00101","voiture","essence","Private","21","N/A","T1"
"102","V00102","bus","diesel","Lignes d'Azur","15","N/A","T2"
"103","V00103","vélo","human","Private","22","Zéro émission","T4"
"104","V00104","voiture","Electric","Private","21","Zéro émission","T1"
"105","V00105","bus","Hybrid ","CTS","8","Euro6","T2"
"106","V00106","voiture","electric","Private","21","Zéro émission","T1"
"107","V00107","voiture","essence","Private","21","EURO 6","T1"
"108","V00108","bus","diesel","Lignes d'Azur","8","N/A","T2"
"109","V00109","vélo","electric","Private","22","Zéro émission","T4"
"110","V00110","bus","electric","Lignes d'Azur","5","Zéro émission","T2"
"111","V00111","bus","diesel","RATP","15","EURO 5","T2"
"112","V00112","bus","electric","TCL","11","Zéro émission","T2"
"113","V00113","tram","electric","CTS","3","Zéro émission","T5"
"114","V00114","voiture","electric","Private","21","Zéro émission","T1"
"115","V00115","voiture","diesel","Private","21","N/A","T1"
"116","V00116","voiture","electric","Private","21","Zéro émission","T1"
"117","V00117","bus","diesel","RATP","15","EURO 5","T2"
"118","V00118","tram","electric","CTS","10","Zéro émission","T5"
"119","V00119","bus","diesel","TCL","11","Euro6","T2"
"120","V00120","bus","electric","RATP","15","Zéro émission","T2"
"121","V00121","tram","electric","RATP","3","Zéro émission","T5"
"122","V00122","voiture","essence","Private","21","EURO 6","T1"
"123","V00123","voiture","essence","Private","21","EURO 5","T1"
"124","V00124","voiture","diesel","Private","21","Euro6","T1"
"125","V00125","voiture","diesel","Private","21","EURO 6","T1"
"126","V00126","bus","diesel","RTM","12","EURO 6","T2"
"127","V00127","bus","diesel","RTM","14","EURO 5","T2"
"128","V00128","tram","electric","Tisséo","2","Zéro émission","T5"
"129","V00129","métro","electric","RATP","9","Zéro émission","T3"
"130","V00130","voiture","essence","Private","21","EURO 5","T1"
"131","V00131","bus","hybrid","TBM","3","N/A","T2"
"132","V00132","métro","electric","RATP","1","Zéro émission","T3"
"133","V00133","tram","electric","RTM","11","Zéro émission","T5"
"134","V00134","métro","electric","Ilévia","8","Zéro émission","T3"
"135","V00135","voiture","essence","Private","21","EURO 5","T1"
"136","V00136 ","tram","electric","RATP","12","Zéro émission","T5"
"137","V00137","voiture","electric","Private","21","Zéro émission","T1"
"138","V00138","voiture","diesel","Private","21","EURO 6","T1"
"139","V00139","métro","electric","Tisséo","4","Zéro émission","T3"
"140","V00140","voiture","essence","Private","21","Euro6","T1"
"141","V00141","bus","electric","TAN","7","Zéro émission","T2"
"142","V00142","métro","electric","TBM","15","Zéro émission","T3"
"143","V00143","bus","hybrid","RTM","1","Zéro émission","T2"
"144","V00144","bus","hybrid","Lignes d'Azur","1","Euro6","T2"
"145","V00145","bus","hybrid","Tisséo","15","Euro6","T2"
"146","V00146","voiture","electric","Private","21","Zéro émission","T1"
"147","V00147","vélo","electric","Private","22","Zéro émission","T4"
"148","V00148","tram","electric","Tisséo","15","Zéro émission","T5"
"149","V00149","vélo","human","Private","22","Zéro émission","T4"
"150","V00150","voiture","diesel","Private","21","EURO 6","T1"
"151","V00151","bus","diesel","CTS","9","N/A","T2"
"152","V00152","bus","hybrid","TaM","15","Euro6","T2"
"153","V00153","vélo","human","Private","22","Zéro émission","T4"
"154","V00154","voiture","electric","Private","21","Zéro émission","T1"
"155","V00155","bus","diesel","RATP","4","EURO 5","T2"
"156","V00156","voiture","diesel","Private","21","EURO 6","T1"
"157","V00157","vélo","electric","Private","22","Zéro émission","T4"
"158","V00158","vélo","electric","Private","22","Zéro émission","T4"
"159","V00159","voiture","diesel","Private","21","EURO 6","T1"
"160","V00160","métro","electric","RATP","14","Zéro émission","T3"
"161","V00161","voiture","electric","Private","21","Zéro émission","T1"
"162","V00162","vélo","human","Private","22","Zéro émission","T4"
"163","V00163","vélo","electric","Private","22","Zéro émission","T4"
"164","V00164","bus","diesel","Lignes d'Azur","3","EURO 5","T2"
"165","V00165","vélo","Human ","Private","22","Zéro émission","T4"
"166","V00166","voiture","essence","Private","21","EURO 5","T1"
"167","V00167","métro","electric","TaM","14","Zéro émission","T3"
"168","V00168 ","voiture","diesel","Private","21","N/A","T1"
"169","V00169","bus","hybrid","RATP","15","EURO 6","T2"
"170","V00170","bus","hybrid","TCL","5","Euro6","T2"
"171","V00171","métro","electric","TAN","5","Zéro émission","T3"
"172","V00172","bus","electric","TCL","14","Zéro émission","T2"
"173","V00173","vélo","electric","Private","22","Zéro émission","T4"
"174","V00174","bus","hybrid","CTS","8","EURO 5","T2"
"175","V00175","vélo","electric","Private","22","Zéro émission","T4"
"176","V00176 ","vélo","human","Private","22","Zéro émission","T4"
"177","V00177","voiture","essence","Private","21","Zéro émission","T1"
"178","V00178","voiture","diesel","Private","21","Euro6","T1"
"179","V00179","métro","electric","TCL","14","Zéro émission","T3"
"180","V00180","vélo","electric","Private","22","Zéro émission","T4"
"181","V00181","vélo","human","Private","22","Zéro émission","T4"
"182","V00182","vélo","electric","Private","22","Zéro émission","T4"
"183","V00183","voiture","electric","Private","21","Zéro émission","T1"
"184","V00184","bus","diesel","TBM","15","EURO 6","T2"
"185","V00185","voiture","essence","Private","21","N/A","T1"
"186","V00186","métro","electric","TaM","5","Zéro émission","T3"
"187","V00187","tram","electric","Tisséo","5","Zéro émission","T5"
"188","V00188","bus","electric","TBM","13","Zéro émission","T2"
"189","V00189","bus","diesel","TBM","4","Euro6","T2"
"190","V00190","bus","hybrid","Ilévia","10","N/A","T2"
"191","V00191","bus","electric","TCL","15","Zéro émission","T2"
"192","V00192","tram","electric","Tisséo","10","Zéro émission","T5"
"193","V00193","voiture","electric","Private","21","Zéro émission","T1"
"194","V00194","vélo","human","Private","22","Zéro émission","T4"
"195","V00195","bus","electric","RTM","8","Zéro émission","T2"
"196","V00196","voiture","diesel","Private","21","N/A","T1"
"197","V00197","tram","electric","TaM","15","Zéro émission","T5"
"198","V00198","voiture","diesel","Private","21","N/A","T1"
"199","V00199","vélo","electric","Private","22","Zéro émission","T4"
"200","V00200","métro","electric","Lignes d'Azur","9","Zéro émission","T3"
"201","V00201","bus","diesel","TBM","5","EURO 6","T2"
"202","V00202","vélo","human","Private","22","Zéro émission","T4"
"203","V00203","bus","electric","Ilévia","9","Zéro émission","T2"
"204","V00204","bus","hybrid","Tisséo","15","EURO 6","T2"
"205","V00205","bus","diesel","TAN","15","Euro6","T2"
"206","V00206","vélo","electric","Private","22","Zéro émission","T4"
"207","V00207","bus","hybrid","TBM","15","Euro6","T2"
"208","V00208","voiture","diesel","Private","21","N/A","T1"
"209","V00209","bus","electric","Ilévia","3","Zéro émission","T2"
"210","V00210","bus","hybrid","CTS","15","EURO 5","T2"
"211","V00211","tram","electric","RATP","8","Zéro émission","T5"
"212","V00212","bus","hybrid","Tisséo","15","EURO 6","T2"
"213","V00213","voiture","electric","Private","21","Zéro émission","T1"
"214","V00214","bus","hybrid","Ilévia","15","EURO 6","T2"
"215","V00215","voiture","electric","Private","21","Zéro émission","T1"
"216","V00216","vélo","electric","Private","22","Zéro émission","T4"
"217","V00217","voiture","diesel","Private","21","EURO 6","T1"
"218","V00218","voiture","diesel","Private","21","N/A","T1"
"219","V00219","bus","hybrid","RTM","14","Euro6","T2"
"220","V00220","bus","diesel","TCL","7","EURO 5","T2"
"221","V00221","vélo","human","Private","22","Zéro émission","T4"
"222","V00222","voiture","electric","Private","21","Zéro émission","T1"
"223","V00223","voiture","Electric","Private","21","Zéro émission","T1"
"224","V00224","voiture","essence","Private","21","N/A","T1"
"225","V00225","bus","diesel","Lignes d'Azur","11","Euro6","T2"
"226","V00226","voiture","diesel","Private","21","N/A","T1"
"227","V00227","voiture","diesel","Private","21","N/A","T1"
"228","V00228","bus","electric","Ilévia","9","Zéro émission","T2"
"229","V00229","voiture","electric","Private","21","Zéro émission","T1"
"230","V00230","voiture","essence","Private","21","N/A","T1"
"231","V00231","bus","electric","Tisséo","15","Zéro émission","T2"
"232","V00232","voiture","essence","Private","21","Euro6","T1"
"233","V00233","voiture","diesel","Private","21","EURO 5","T1"
"234","V00234","vélo","electric","Private","22","Zéro émission","T4"
"235","V00235","tram","electric","TCL","8","Zéro émission","T5"
"236","V00236","bus","electric","Tisséo","9","Zéro émission","T2"
"237","V00237","bus","hybrid","TaM","3","N/A","T2"
"238","V00238","bus","hybrid","TaM","5","Zéro émission","T2"
"239","V00239","vélo","electric","Private","22","Zéro émission","T4"
"240","V00240","bus","diesel","Tisséo","12","N/A","T2"
"241","V00241","bus","electric","TBM","13","Zéro émission","T2"
"242","V00242 ","métro","electric","TCL","14","Zéro émission","T3"
"243","V00243","bus","electric","Lignes d'Azur","15","Zéro émission","T2"
"244","V00244","tram","electric","TaM","12","Zéro émission","T5"
"245","V00245","tram","electric","TBM","9","Zéro émission","T5"
"246","V00246","vélo","electric","Private","22","Zéro émission","T4"
"247","V00247","voiture","diesel","Private","21","EURO 6","T1"
"248","V00248","voiture","electric","Private","21","Zéro émission","T1"
"249","V00249","bus","electric","TBM","15","Zéro émission","T2"
"250","V00250","bus","electric","TCL","8","Zéro émission","T2"
"251","V00251","métro","electric","CTS","10","Zéro émission","T3"
"252","V00252","tram","electric","Ilévia","14","Zéro émission","T5"
"253","V00253","voiture","electric","Private","21","Zéro émission","T1"
"254","V00254","voiture","diesel","Private","21","N/A","T1"
"255","V00255","vélo","electric","Private","22","Zéro émission","T4"
"256","V00256","métro","electric","Ilévia","11","Zéro émission","T3"
"257","V00257","bus","electric","RTM","13","Zéro émission","T2"
"258","V00258","métro","Electric","Lignes d'Azur","2","Zéro émission","T3"
"259","V00259","vélo","human","Private","22","Zéro émission","T4"
"260","V00260","bus","Diesel ","Lignes d'Azur","8","N/A","T2"
"261","V00261","métro","electric","TAN","5","Zéro émission","T3"
"262","V00262","voiture","electric","Private","21","Zéro émission","T1"
"263","V00263","vélo","human","Private","22","Zéro émission","T4"
"264","V00264","voiture","essence","Private","21","EURO 5","T1"
"265","V00265","bus","diesel","Tisséo","8","N/A","T2"
"266","V00266","tram","electric","Lignes d'Azur","10","Zéro émission","T5"
"267","V00267","bus","hybrid","TCL","15","Euro6","T2"
"268","V00268","vélo","electric","Private","22","Zéro émission","T4"
"269","V00269","vélo","electric","Private","22","Zéro émission","T4"
"270","V00270","voiture","essence","Private","21","Zéro émission","T1"
"271","V00271","voiture","essence","Private","21","N/A","T1"
"272","V00272","métro","Electric","CTS","14","Zéro émission","T3"
"273","V00273","voiture","diesel","Private","21","EURO 6","T1"
"274","V00274","métro","electric","RATP","3","Zéro émission","T3"
"275","V00275","tram","electric","Tisséo","15","Zéro émission","T5"
"276","V00276","vélo","electric","Private","22","Zéro émission","T4"
"277","V00277","bus","electric","RTM","9","Zéro émission","T2"
"278","V00278","voiture","essence","Private","21","Euro6","T1"
"279","V00279","voiture","essence","Private","21","N/A","T1"
"280","V00280","vélo","human","Private","22","Zéro émission","T4"
"281","V00281","bus","electric","RATP","10","Zéro émission","T2"
"282","V00282","bus","electric","TBM","10","Zéro émission","T2"
"283","V00283","tram","electric","TaM","8","Zéro émission","T5"
"284","V00284","bus","diesel","Ilévia","15","N/A","T2"
"285","V00285","bus","diesel","Ilévia","13","N/A","T2"
"286","V00286","vélo","electric","Private","22","Zéro émission","T4"
"287","V00287","voiture","electric","Private","21","Zéro émission","T1"
"288","V00288","bus","electric","TCL","10","Zéro émission","T2"
"289","V00289","tram","electric","CTS","5","Zéro émission","T5"
"290","V00290","bus","electric","Ilévia","10","Zéro émission","T2"
"291","V00291 ","bus","hybrid","TBM","11","EURO 6","T2"
"292","V00292","vélo","electric","Private","22","Zéro émission","T4"
"293","V00293","bus","electric","RATP","1","Zéro émission","T2"
"294","V00294","métro","electric","TAN","4","Zéro émission","T3"
"295","V00295","bus","hybrid","Tisséo","15","Zéro émission","T2"
"296","V00296","vélo","human","Private","22","Zéro émission","T4"
"297","V00297","métro","electric","RATP","14","Zéro émission","T3"
"298","V00298","vélo","human","Private","22","Zéro émission","T4"
"299","V00299","vélo","electric","Private","22","Zéro émission","T4"
"300","V00300","vélo","human","Private","22","Zéro émission","T4"
"301","V00301","bus","electric","TCL","15","Zéro émission","T2"
"302","V00302","bus","electric","RATP","11","Zéro émission","T2"
"303","V00303","vélo","electric","Private","22","Zéro émission","T4"
"304","V00304","métro","electric","CTS","13","Zéro émission","T3"
"305","V00305","voiture","electric","Private","21","Zéro émission","T1"
"306","V00306","vélo","human","Private","22","Zéro émission","T4"
"307","V00307","bus","hybrid","TCL","15","EURO 6","T2"
"308","V00308","métro","electric","Ilévia","11","Zéro émission","T3"
"309","V00309","métro","electric","Ilévia","11","Zéro émission","T3"
"310","V00310","vélo","human","Private","22","Zéro émission","T4"
"311","V00311","voiture","diesel","Private","21","EURO 6","T1"
"312","V00312","voiture","electric","Private","21","Zéro émission","T1"
"313","V00313","voiture","diesel","Private","21","Euro6","T1"
"314","V00314","bus","diesel","RTM","5","N/A","T2"
"315","V00315","voiture","electric","Private","21","Zéro émission","T1"
"316","V00316","métro","electric","TCL","11","Zéro émission","T3"
"317","V00317","voiture","electric","Private","21","Zéro émission","T1"
"318","V00318","voiture","Essence ","Private","21","Euro6","T1"
"319","V00319","voiture","essence","Private","21","Euro6","T1"
"320","V00320","voiture","essence","Private","21","Euro6","T1"
"321","V00321","bus","diesel","Lignes d'Azur","4","EURO 5","T2"
"322","V00322","bus","diesel","Lignes d'Azur","15","Euro6","T2"
"323","V00323","métro","electric","TaM","10","Zéro émission","T3"
"324","V00324","bus","electric","TaM","15","Zéro émission","T2"
"325","V00325","métro","electric","RATP","5","Zéro émission","T3"
"326","V00326","bus","hybrid","CTS","3","N/A","T2"
"327","V00327","vélo","electric","Private","22","Zéro émission","T4"
"328","V00328","bus","electric","RTM","14","Zéro émission","T2"
"329","V00329","voiture","diesel","Private","21","N/A","T1"
"330","V00330","métro","electric","CTS","14","Zéro émission","T3"
"331","V00331","tram","electric","CTS","15","Zéro émission","T5"
"332","V00332","bus","electric","Ilévia","13","Zéro émission","T2"
"333","V00333","voiture","electric","Private","21","Zéro émission","T1"
"334","V00334","voiture","electric","Private","21","Zéro émission","T1"
"335","V00335","vélo","human","Private","22","Zéro émission","T4"
"336","V00336","voiture","electric","Private","21","Zéro émission","T1"
"337","V00337","bus","diesel","TaM","7","N/A","T2"
"338","V00338","voiture","diesel","Private","21","N/A","T1"
"339","V00339","vélo","human","Private","22","Zéro émission","T4"
"340","V00340","voiture","electric","Private","21","Zéro émission","T1"
"341","V00341","vélo","human","Private","22","Zéro émission","T4"
"342","V00342","voiture","Diesel ","Private","21","EURO 5","T1"
"343","V00343","bus","hybrid","TBM","1","EURO 5","T2"
"344","V00344","métro","electric","RATP","12","Zéro émission","T3"
"345","V00345","bus","electric","TCL","8","Zéro émission","T2"
"346","V00346","bus","electric","TAN","15","Zéro émission","T2"
"347","V00347","métro","electric","TBM","11","Zéro émission","T3"
"348","V00348","bus","electric","Lignes d'Azur","5","Zéro émission","T2"
"349","V00349","bus","electric","CTS","15","Zéro émission","T2"
"350","V00350","bus","hybrid","TCL","12","EURO 5","T2"
"351","V00351","tram","electric","TaM","3","Zéro émission","T5"
"352","V00352","voiture","diesel","Private","21","Euro6","T1"
"353","V00353","vélo","electric","Private","22","Zéro émission","T4"
"354","V00354","bus","electric","CTS","7","Zéro émission","T2"
"355","V00355","voiture","essence","Private","21","Zéro émission","T1"
"356","V00356","voiture","electric","Private","21","Zéro émission","T1"
"357","V00357","tram","electric","Tisséo","15","Zéro émission","T5"
"358","V00358","tram","electric","Ilévia","2","Zéro émission","T5"
"359","V00359","voiture","electric","Private","21","Zéro émission","T1"
"360","V00360","métro","electric","RTM","15","Zéro émission","T3"
"361","V00361","voiture","diesel","Private","21","N/A","T1"
"362","V00362","voiture","electric","Private","21","Zéro émission","T1"
"363","V00363","voiture","electric","Private","21","Zéro émission","T1"
"364","V00364","métro","electric","RATP","14","Zéro émission","T3"
"365","V00365","métro","electric","TCL","13","Zéro émission","T3"
"366","V00366","bus","electric","RTM","10","Zéro émission","T2"
"367","V00367","métro","electric","Lignes d'Azur","15","Zéro émission","T3"
"368","V00368","vélo","human","Private","22","Zéro émission","T4"
"369","V00369","voiture","Diesel ","Private","21","N/A","T1"
"370","V00370","voiture","essence","Private","21","Zéro émission","T1"
"371","V00371","voiture","essence","Private","21","EURO 6","T1"
"372","V00372","voiture","diesel","Private","21","Euro6","T1"
"373","V00373 ","voiture","essence","Private","21","Euro6","T1"
"374","V00374","métro","electric","Tisséo","2","Zéro émission","T3"
"375","V00375","vélo","electric","Private","22","Zéro émission","T4"
"376","V00376","voiture","essence","Private","21","EURO 6","T1"
"377","V00377","voiture","essence","Private","21","EURO 5","T1"
"378","V00378","vélo","human","Private","22","Zéro émission","T4"
"379","V00379","vélo","electric","Private","22","Zéro émission","T4"
"380","V00380","vélo","electric","Private","22","Zéro émission","T4"
"381","V00381","vélo","electric","Private","22","Zéro émission","T4"
"382","V00382","voiture","essence","Private","21","N/A","T1"
"383","V00383","vélo","human","Private","22","Zéro émission","T4"
"384","V00384","bus","electric","TCL","15","Zéro émission","T2"
"385","V00385","tram","electric","Lignes d'Azur","14","Zéro émission","T5"
"386","V00386","vélo","human","Private","22","Zéro émission","T4"
"387","V00387","bus","diesel","Lignes d'Azur","5","EURO 5","T2"
"388","V00388","bus","diesel","RTM","5","N/A","T2"
"389","V00389","bus","hybrid","TCL","14","EURO 6","T2"
"390","V00390","bus","hybrid","CTS","15","EURO 5","T2"
"391","V00391","bus","Diesel ","Lignes d'Azur","2","Euro6","T2"
"392","V00392","voiture","diesel","Private","21","EURO 6","T1"
"393","V00393","métro","electric","RTM","15","Zéro émission","T3"
"394","V00394","bus","diesel","CTS","14","N/A","T2"
"395","V00395","vélo","electric","Private","22","Zéro émission","T4"
"396","V00396","vélo","human","Private","22","Zéro émission","T4"
"397","V00397","bus","diesel","Tisséo","15","Euro6","T2"
"398","V00398","bus","electric","TaM","3","Zéro émission","T2"
"399","V00399","bus","electric","RATP","15","Zéro émission","T2"
"400","V00400","métro","electric","TCL","2","Zéro émission","T3"
"401","V00401","bus","electric","TaM","15","Zéro émission","T2"
"402","V00402","vélo","electric","Private","22","Zéro émission","T4"
"403","V00403","bus","electric","RATP","11","Zéro émission","T2"
"404","V00404","voiture","diesel","Private","21","EURO 6","T1"
"405","V00405","voiture","diesel","Private","21","Euro6","T1"
"406","V00406","métro","Electric","TaM","3","Zéro émission","T3"
"407","V00407","voiture","diesel","Private","21","N/A","T1"
"408","V00408","voiture","electric","Private","21","Zéro émission","T1"
"409","V00409","bus","diesel","Ilévia","13","N/A","T2"
"410","V00410","tram","electric","TaM","14","Zéro émission","T5"
"411","V00411","tram","electric","Lignes d'Azur","14","Zéro émission","T5"
"412","V00412","vélo","human","Private","22","Zéro émission","T4"
"413","V00413","bus","hybrid","TBM","10","EURO 5","T2"
"414","V00414","voiture","essence","Private","21","EURO 6","T1"
"415","V00415","bus","electric","Ilévia","15","Zéro émission","T2"
"416","V00416","tram","electric","TAN","4","Zéro émission","T5"
"417","V00417","vélo","electric","Private","22","Zéro émission","T4"
"418","V00418","voiture","diesel","Private","21","Euro6","T1"
"419","V00419","voiture","essence","Private","21","Euro6","T1"
"420","V00420","métro","electric","RATP","8","Zéro émission","T3"
"421","V00421","voiture","essence","Private","21","EURO 6","T1"
"422","V00422","bus","diesel","Lignes d'Azur","15","EURO 5","T2"
"423","V00423","bus","hybrid","Ilévia","7","Euro6","T2"
"424","V00424","voiture","diesel","Private","21","Euro6","T1"
"425","V00425 ","tram","electric","Lignes d'Azur","3","Zéro émission","T5"
"426","V00426","métro","electric","Tisséo","1","Zéro émission","T3"
"427","V00427","tram","electric","TCL","15","Zéro émission","T5"
"428","V00428","bus","electric","CTS","15","Zéro émission","T2"
"429","V00429","voiture","essence","Private","21","EURO 5","T1"
"430","V00430","bus","hybrid","TaM","2","EURO 6","T2"
"431","V00431","bus","hybrid","CTS","15","EURO 6","T2"
"432","V00432","bus","hybrid","RTM","14","Euro6","T2"
"433","V00433","métro","electric","TBM","15","Zéro émission","T3"
"434","V00434","vélo","human","Private","22","Zéro émission","T4"
"435","V00435","vélo","human","Private","22","Zéro émission","T4"
"436","V00436","bus","electric","RATP","11","Zéro émission","T2"
"437","V00437","bus","electric","TCL","15","Zéro émission","T2"
"438","V00438","voiture","electric","Private","21","Zéro émission","T1"
"439","V00439","bus","electric","Ilévia","15","Zéro émission","T2"
"440","V00440","voiture","electric","Private","21","Zéro émission","T1"
"441","V00441","tram","electric","Ilévia","10","Zéro émission","T5"
"442","V00442","tram","electric","Ilévia","14","Zéro émission","T5"
"443","V00443","voiture","electric","Private","21","Zéro émission","T1"
"444","V00444","bus","diesel","RTM","11","N/A","T2"
"445","V00445","vélo","human","Private","22","Zéro émission","T4"
"446","V00446","bus","diesel","RTM","14","EURO 5","T2"
"447","V00447","métro","electric","TBM","15","Zéro émission","T3"
"448","V00448","bus","electric","Lignes d'Azur","2","Zéro émission","T2"
"449","V00449","bus","hybrid","RTM","14","Euro6","T2"
"450","V00450","bus","hybrid","Tisséo","5","Euro6","T2"
"451","V00451","métro","electric","CTS","14","Zéro émission","T3"
"452","V00452 ","vélo","human","Private","22","Zéro émission","T4"
"453","V00453","voiture","diesel","Private","21","N/A","T1"
"454","V00454","voiture","essence","Private","21","EURO 5","T1"
"455","V00455","bus","hybrid","CTS","3","EURO 6","T2"
"456","V00456","voiture","Electric","Private","21","Zéro émission","T1"
"457","V00457","vélo","electric","Private","22","Zéro émission","T4"
"458","V00458","vélo","human","Private","22","Zéro émission","T4"
"459","V00459","vélo","human","Private","22","Zéro émission","T4"
"460","V00460","vélo","electric","Private","22","Zéro émission","T4"
"461","V00461","bus","hybrid","Ilévia","13","EURO 6","T2"
"462","V00462","voiture","diesel","Private","21","Euro6","T1"
"463","V00463","vélo","electric","Private","22","Zéro émission","T4"
"464","V00464","tram","electric","RTM","5","Zéro émission","T5"
"465","V00465","voiture","diesel","Private","21","Euro6","T1"
"466","V00466","vélo","human","Private","22","Zéro émission","T4"
"467","V00467","voiture","essence","Private","21","Zéro émission","T1"
"468","V00468","bus","hybrid","RATP","12","EURO 6","T2"
"469","V00469","tram","electric","RATP","12","Zéro émission","T5"
"470","V00470","tram","electric","TAN","15","Zéro émission","T5"
"471","V00471","voiture","essence","Private","21","Euro6","T1"
"472","V00472","vélo","electric","Private","22","Zéro émission","T4"
"473","V00473","bus","hybrid","CTS","3","Euro6","T2"
"474","V00474","bus","electric","Tisséo","10","Zéro émission","T2"
"475","V00475","vélo","electric","Private","22","Zéro émission","T4"
"476","V00476","voiture","Diesel ","Private","21","EURO 6","T1"
"477","V00477","bus","electric","TBM","15","Zéro émission","T2"
"478","V00478","vélo","human","Private","22","Zéro émission","T4"
"479","V00479","bus","electric","Lignes d'Azur","15","Zéro émission","T2"
"480","V00480","métro","electric","Lignes d'Azur","15","Zéro émission","T3"
"481","V00481","métro","electric","Ilévia","4","Zéro émission","T3"
"482","V00482","métro","electric","Ilévia","11","Zéro émission","T3"
"483","V00483","métro","electric","Tisséo","1","Zéro émission","T3"
"484","V00484","métro","electric","CTS","12","Zéro émission","T3"
"485","V00485","vélo","electric","Private","22","Zéro émission","T4"
"486","V00486","vélo","electric","Private","22","Zéro émission","T4"
"487","V00487","bus","electric","Ilévia","4","Zéro émission","T2"
"488","V00488","bus","electric","Ilévia","12","Zéro émission","T2"
"489","V00489","bus","electric","Lignes d'Azur","9","Zéro émission","T2"
"490","V00490","bus","electric","CTS","13","Zéro émission","T2"
"491","V00491","bus","diesel","TCL","1","EURO 5","T2"
"492","V00492","vélo","electric","Private","22","Zéro émission","T4"
"493","V00493","vélo","human","Private","22","Zéro émission","T4"
"494","V00494","métro","electric","RTM","3","Zéro émission","T3"
"495","V00495","voiture","essence","Private","21","EURO 5","T1"
"496","V00496","bus","Diesel ","Tisséo","5","EURO 5","T2"
"497","V00497","voiture","essence","Private","21","EURO 5","T1"
"498","V00498","bus","diesel","TAN","9","N/A","T2"
"499","V00499","vélo","human","Private","22","Zéro émission","T4"
"500","V00500","voiture","essence","Private","21","EURO 6","T1"
"501","V00501","voiture","Essence ","Private","21","EURO 5","T1"
"502","V00502","bus","electric","CTS","14","Zéro émission","T2"
"503","V00503","voiture","electric","Private","21","Zéro émission","T1"
"504","V00504","bus","diesel","TBM","5","Euro6","T2"
"505","V00505","métro","electric","TBM","15","Zéro émission","T3"
"506","V00506 ","bus","Diesel ","TCL","5","N/A","T2"
"507","V00507","bus","electric","RATP","15","Zéro émission","T2"
"508","V00508","voiture","diesel","Private","21","Euro6","T1"
"509","V00509","tram","electric","TBM","11","Zéro émission","T5"
"510","V00510","tram","electric","Lignes d'Azur","1","Zéro émission","T5"
"511","V00511","bus","hybrid","TAN","2","EURO 5","T2"
"512","V00512","tram","electric","Tisséo","11","Zéro émission","T5"
"513","V00513","voiture","essence","Private","21","Euro6","T1"
"514","V00514","voiture","essence","Private","21","N/A","T1"
"515","V00515","vélo","electric","Private","22","Zéro émission","T4"
"516","V00516","bus","hybrid","Lignes d'Azur","15","Zéro émission","T2"
"517","V00517","bus","hybrid","Tisséo","14","EURO 5","T2"
"518","V00518","voiture","electric","Private","21","Zéro émission","T1"
"519","V00519","voiture","essence","Private","21","N/A","T1"
"520","V00520","vélo","electric","Private","22","Zéro émission","T4"
"521","V00521","voiture","diesel","Private","21","Euro6","T1"
"522","V00522","tram","electric","TBM","12","Zéro émission","T5"
"523","V00523","vélo","electric","Private","22","Zéro émission","T4"
"524","V00524","vélo","human","Private","22","Zéro émission","T4"
"525","V00525","voiture","essence","Private","21","Zéro émission","T1"
"526","V00526","voiture","essence","Private","21","Euro6","T1"
"527","V00527 ","vélo","electric","Private","22","Zéro émission","T4"
"528","V00528","bus","electric","Lignes d'Azur","8","Zéro émission","T2"
"529","V00529","bus","electric","TBM","7","Zéro émission","T2"
"530","V00530","bus","hybrid","RATP","5","Zéro émission","T2"
"531","V00531","bus","Diesel ","Lignes d'Azur","4","EURO 5","T2"
"532","V00532","voiture","essence","Private","21","Euro6","T1"
"533","V00533","vélo","electric","Private","22","Zéro émission","T4"
"534","V00534","bus","hybrid","Ilévia","7","EURO 6","T2"
"535","V00535","voiture","diesel","Private","21","EURO 6","T1"
"536","V00536","bus","hybrid","RATP","9","Zéro émission","T2"
"537","V00537","vélo","human","Private","22","Zéro émission","T4"
"538","V00538","bus","electric","RTM","14","Zéro émission","T2"
"539","V00539","voiture","diesel","Private","21","EURO 6","T1"
"540","V00540","bus","hybrid","RATP","5","Zéro émission","T2"
"541","V00541","métro","electric","TBM","4","Zéro émission","T3"
"542","V00542","tram","electric","CTS","12","Zéro émission","T5"
"543","V00543","voiture","essence","Private","21","Euro6","T1"
"544","V00544","bus","hybrid","Lignes d'Azur","15","Euro6","T2"
"545","V00545","vélo","human","Private","22","Zéro émission","T4"
"546","V00546","bus","electric","Ilévia","2","Zéro émission","T2"
"547","V00547","voiture","electric","Private","21","Zéro émission","T1"
"548","V00548","bus","electric","Tisséo","13","Zéro émission","T2"
"549","V00549","voiture","diesel","Private","21","Euro6","T1"
"550","V00550","voiture","essence","Private","21","Zéro émission","T1"
"551","V00551","bus","diesel","CTS","8","N/A","T2"
"552","V00552","vélo","human","Private","22","Zéro émission","T4"
"553","V00553","tram","electric","RATP","12","Zéro émission","T5"
"554","V00554","bus","hybrid","RTM","5","EURO 6","T2"
"555","V00555","vélo","human","Private","22","Zéro émission","T4"
"556","V00556","bus","electric","TaM","8","Zéro émission","T2"
"557","V00557","bus","electric","TaM","3","Zéro émission","T2"
"558","V00558","voiture","diesel","Private","21","EURO 5","T1"
"559","V00559","voiture","essence","Private","21","EURO 5","T1"
"560","V00560","bus","diesel","TCL","12","EURO 6","T2"
"561","V00561","voiture","electric","Private","21","Zéro émission","T1"
"562","V00562","vélo","electric","Private","22","Zéro émission","T4"
"563","V00563","vélo","Electric","Private","22","Zéro émission","T4"
"564","V00564","vélo","human","Private","22","Zéro émission","T4"
"565","V00565","vélo","electric","Private","22","Zéro émission","T4"
"566","V00566","métro","electric","RTM","7","Zéro émission","T3"
"567","V00567","voiture","diesel","Private","21","EURO 6","T1"
"568","V00568","bus","diesel","RATP","15","N/A","T2"
"569","V00569","voiture","diesel","Private","21","EURO 6","T1"
"570","V00570","bus","electric","RATP","5","Zéro émission","T2"
"571","V00571","vélo","electric","Private","22","Zéro émission","T4"
"572","V00572","vélo","electric","Private","22","Zéro émission","T4"
"573","V00573","vélo","electric","Private","22","Zéro émission","T4"
"574","V00574","vélo","electric","Private","22","Zéro émission","T4"
"575","V00575","tram","electric","Lignes d'Azur","14","Zéro émission","T5"
"576","V00576","vélo","electric","Private","22","Zéro émission","T4"
"577","V00577","voiture","electric","Private","21","Zéro émission","T1"
"578","V00578","voiture","diesel","Private","21","EURO 6","T1"
"579","V00579","voiture","diesel","Private","21","EURO 6","T1"
"580","V00580","vélo","human","Private","22","Zéro émission","T4"
"581","V00581","voiture","diesel","Private","21","Euro6","T1"
"582","V00582","métro","electric","TCL","14","Zéro émission","T3"
"583","V00583","bus","hybrid","TBM","15","Zéro émission","T2"
"584","V00584","voiture","electric","Private","21","Zéro émission","T1"
"585","V00585","voiture","electric","Private","21","Zéro émission","T1"
"586","V00586","vélo","human","Private","22","Zéro émission","T4"
"587","V00587","voiture","electric","Private","21","Zéro émission","T1"
"588","V00588","tram","electric","Tisséo","14","Zéro émission","T5"
"589","V00589","tram","electric","Tisséo","3","Zéro émission","T5"
"590","V00590","vélo","electric","Private","22","Zéro émission","T4"
"591","V00591","bus","electric","Ilévia","3","Zéro émission","T2"
"592","V00592","voiture","essence","Private","21","Zéro émission","T1"
"593","V00593","bus","diesel","TaM","15","Euro6","T2"
"594","V00594","voiture","Essence ","Private","21","EURO 5","T1"
"595","V00595","vélo","electric","Private","22","Zéro émission","T4"
"596","V00596","bus","hybrid","TAN","15","N/A","T2"
"597","V00597","métro","electric","TaM","11","Zéro émission","T3"
"598","V00598","voiture","electric","Private","21","Zéro émission","T1"
"599","V00599","métro","electric","Ilévia","11","Zéro émission","T3"
"600","V00600","voiture","diesel","Private","21","EURO 5","T1"
"601","V00601","voiture","electric","Private","21","Zéro émission","T1"
"602","V00602","voiture","Essence ","Private","21","Euro6","T1"
"603","V00603","bus","electric","CTS","15","Zéro émission","T2"
"604","V00604","bus","electric","Tisséo","15","Zéro émission","T2"
"605","V00605","bus","electric","TAN","7","Zéro émission","T2"
"606","V00606","bus","diesel","TAN","5","EURO 6","T2"
"607","V00607","vélo","human","Private","22","Zéro émission","T4"
"608","V00608","voiture","electric","Private","21","Zéro émission","T1"
"609","V00609","voiture","essence","Private","21","EURO 6","T1"
"610","V00610","voiture","diesel","Private","21","Euro6","T1"
"611","V00611","voiture","essence","Private","21","EURO 6","T1"
"612","V00612","voiture","essence","Private","21","Zéro émission","T1"
"613","V00613","bus","electric","TBM","15","Zéro émission","T2"
"614","V00614","métro","electric","TaM","2","Zéro émission","T3"
"615","V00615","bus","electric","Tisséo","2","Zéro émission","T2"
"616","V00616 ","bus","electric","Tisséo","15","Zéro émission","T2"
"617","V00617","voiture","essence","Private","21","Euro6","T1"
"618","V00618","bus","diesel","Tisséo","12","N/A","T2"
"619","V00619","bus","hybrid","CTS","15","N/A","T2"
"620","V00620","bus","hybrid","RATP","15","EURO 6","T2"
"621","V00621","métro","electric","RTM","11","Zéro émission","T3"
"622","V00622","bus","electric","Lignes d'Azur","9","Zéro émission","T2"
"623","V00623","bus","diesel","TCL","15","N/A","T2"
"624","V00624","vélo","human","Private","22","Zéro émission","T4"
"625","V00625","bus","diesel","TaM","10","EURO 5","T2"
"626","V00626","bus","hybrid","Ilévia","15","N/A","T2"
"627","V00627","bus","hybrid","RTM","10","Euro6","T2"
"628","V00628","tram","electric","RATP","7","Zéro émission","T5"
"629","V00629","bus","hybrid","Tisséo","14","N/A","T2"
"630","V00630","voiture","diesel","Private","21","EURO 6","T1"
"631","V00631","métro","electric","Lignes d'Azur","15","Zéro émission","T3"
"632","V00632","bus","electric","TAN","15","Zéro émission","T2"
"633","V00633","métro","electric","Lignes d'Azur","15","Zéro émission","T3"
"634","V00634","voiture","essence","Private","21","EURO 5","T1"
"635","V00635","vélo","electric","Private","22","Zéro émission","T4"
"636","V00636","métro","electric","CTS","11","Zéro émission","T3"
"637","V00637","bus","electric","Tisséo","15","Zéro émission","T2"
"638","V00638","bus","electric","TBM","12","Zéro émission","T2"
"639","V00639","voiture","essence","Private","21","Euro6","T1"
"640","V00640","bus","hybrid","Ilévia","12","Euro6","T2"
"641","V00641","voiture","electric","Private","21","Zéro émission","T1"
"642","V00642","bus","hybrid","CTS","5","EURO 5","T2"
"643","V00643","tram","electric","Ilévia","12","Zéro émission","T5"
"644","V00644","bus","electric","TCL","15","Zéro émission","T2"
"645","V00645","voiture","electric","Private","21","Zéro émission","T1"
"646","V00646","bus","diesel","TaM","2","EURO 6","T2"
"647","V00647","vélo","electric","Private","22","Zéro émission","T4"
"648","V00648","bus","diesel","RTM","5","N/A","T2"
"649","V00649","bus","hybrid","TAN","2","EURO 6","T2"
"650","V00650","métro","electric","RATP","13","Zéro émission","T3"
"651","V00651","voiture","electric","Private","21","Zéro émission","T1"
"652","V00652","vélo","human","Private","22","Zéro émission","T4"
"653","V00653","voiture","essence","Private","21","EURO 5","T1"
"654","V00654","bus","diesel","Tisséo","8","N/A","T2"
"655","V00655","voiture","electric","Private","21","Zéro émission","T1"
"656","V00656","bus","electric","TAN","15","Zéro émission","T2"
"657","V00657","voiture","essence","Private","21","EURO 6","T1"
"658","V00658","vélo","human","Private","22","Zéro émission","T4"
"659","V00659","voiture","diesel","Private","21","N/A","T1"
"660","V00660","tram","electric","Ilévia","5","Zéro émission","T5"
"661","V00661","tram","electric","TBM","11","Zéro émission","T5"
"662","V00662","voiture","electric","Private","21","Zéro émission","T1"
"663","V00663","tram","electric","CTS","15","Zéro émission","T5"
"664","V00664","bus","hybrid","Lignes d'Azur","9","Euro6","T2"
"665","V00665","métro","electric","RTM","11","Zéro émission","T3"
"666","V00666","voiture","electric","Private","21","Zéro émission","T1"
"667","V00667","tram","electric","TaM","3","Zéro émission","T5"
"668","V00668","voiture","electric","Private","21","Zéro émission","T1"
"669","V00669","bus","electric","TCL","15","Zéro émission","T2"
"670","V00670","bus","hybrid","TaM","15","Euro6","T2"
"671","V00671","métro","electric","RATP","14","Zéro émission","T3"
"672","V00672","voiture","electric","Private","21","Zéro émission","T1"
"673","V00673","vélo","human","Private","22","Zéro émission","T4"
"674","V00674","vélo","Human ","Private","22","Zéro émission","T4"
"675","V00675","tram","electric","CTS","13","Zéro émission","T5"
"676","V00676","bus","diesel","CTS","11","EURO 5","T2"
"677","V00677","vélo","human","Private","22","Zéro émission","T4"
"678","V00678","tram","electric","RTM","10","Zéro émission","T5"
"679","V00679","voiture","essence","Private","21","EURO 5","T1"
"680","V00680","tram","electric","RTM","2","Zéro émission","T5"
"681","V00681","voiture","electric","Private","21","Zéro émission","T1"
"682","V00682","métro","electric","Ilévia","11","Zéro émission","T3"
"683","V00683","voiture","electric","Private","21","Zéro émission","T1"
"684","V00684","métro","electric","CTS","2","Zéro émission","T3"
"685","V00685","voiture","electric","Private","21","Zéro émission","T1"
"686","V00686","voiture","electric","Private","21","Zéro émission","T1"
"687","V00687","vélo","human","Private","22","Zéro émission","T4"
"688","V00688","bus","hybrid","CTS","15","EURO 6","T2"
"689","V00689","bus","hybrid","RTM","14","EURO 6","T2"
"690","V00690","tram","electric","Ilévia","2","Zéro émission","T5"
"691","V00691","métro","electric","RATP","14","Zéro émission","T3"
"692","V00692","bus","diesel","TCL","13","EURO 5","T2"
"693","V00693","voiture","electric","Private","21","Zéro émission","T1"
"694","V00694","tram","electric","TBM","14","Zéro émission","T5"
"695","V00695","voiture","diesel","Private","21","N/A","T1"
"696","V00696","bus","electric","Ilévia","1","Zéro émission","T2"
"697","V00697","bus","electric","RTM","13","Zéro émission","T2"
"698","V00698","bus","electric","Tisséo","15","Zéro émission","T2"
"699","V00699","vélo","electric","Private","22","Zéro émission","T4"
"700","V00700","voiture","electric","Private","21","Zéro émission","T1"
"701","V00701 ","voiture","essence","Private","21","Euro6","T1"
"702","V00702","voiture","electric","Private","21","Zéro émission","T1"
"703","V00703","vélo","electric","Private","22","Zéro émission","T4"
"704","V00704","bus","hybrid","Tisséo","15","Zéro émission","T2"
"705","V00705","voiture","essence","Private","21","N/A","T1"
"706","V00706","vélo","electric","Private","22","Zéro émission","T4"
"707","V00707","bus","electric","RATP","8","Zéro émission","T2"
"708","V00708","vélo","electric","Private","22","Zéro émission","T4"
"709","V00709","tram","electric","TAN","15","Zéro émission","T5"
"710","V00710","métro","electric","TAN","5","Zéro émission","T3"
"711","V00711","tram","electric","TCL","8","Zéro émission","T5"
"712","V00712","bus","hybrid","RTM","8","EURO 5","T2"
"713","V00713","voiture","diesel","Private","21","N/A","T1"
"714","V00714","bus","electric","RTM","1","Zéro émission","T2"
"715","V00715","vélo","electric","Private","22","Zéro émission","T4"
"716","V00716","vélo","electric","Private","22","Zéro émission","T4"
"717","V00717","bus","diesel","TaM","15","N/A","T2"
"718","V00718","tram","electric","Lignes d'Azur","4","Zéro émission","T5"
"719","V00719","métro","Electric","Tisséo","8","Zéro émission","T3"
"720","V00720","voiture","essence","Private","21","Zéro émission","T1"
"721","V00721","vélo","human","Private","22","Zéro émission","T4"
"722","V00722","bus","diesel","TCL","2","EURO 5","T2"
"723","V00723","bus","hybrid","TAN","1","Euro6","T2"
"724","V00724","vélo","electric","Private","22","Zéro émission","T4"
"725","V00725","voiture","diesel","Private","21","N/A","T1"
"726","V00726","bus","electric","RATP","5","Zéro émission","T2"
"727","V00727","bus","diesel","TCL","15","N/A","T2"
"728","V00728","voiture","diesel","Private","21","N/A","T1"
"729","V00729","bus","diesel","RATP","15","N/A","T2"
"730","V00730","voiture","electric","Private","21","Zéro émission","T1"
"731","V00731","métro","electric","CTS","5","Zéro émission","T3"
"732","V00732","métro","electric","TAN","5","Zéro émission","T3"
"733","V00733","vélo","electric","Private","22","Zéro émission","T4"
"734","V00734 ","bus","electric","Tisséo","5","Zéro émission","T2"
"735","V00735","vélo","electric","Private","22","Zéro émission","T4"
"736","V00736","bus","electric","TaM","13","Zéro émission","T2"
"737","V00737","bus","diesel","TCL","10","EURO 5","T2"
"738","V00738","tram","electric","CTS","15","Zéro émission","T5"
"739","V00739","tram","electric","Ilévia","5","Zéro émission","T5"
"740","V00740","bus","diesel","RATP","15","EURO 5","T2"
"741","V00741","vélo","electric","Private","22","Zéro émission","T4"
"742","V00742","bus","hybrid","TBM","15","Zéro émission","T2"
"743","V00743","voiture","diesel","Private","21","N/A","T1"
"744","V00744","métro","electric","RTM","10","Zéro émission","T3"
"745","V00745","tram","electric","Tisséo","15","Zéro émission","T5"
"746","V00746","voiture","diesel","Private","21","N/A","T1"
"747","V00747","tram","electric","TCL","15","Zéro émission","T5"
"748","V00748","tram","electric","Tisséo","15","Zéro émission","T5"
"749","V00749","voiture","diesel","Private","21","N/A","T1"
"750","V00750","bus","hybrid","CTS","15","EURO 6","T2"
"751","V00751","bus","diesel","TaM","12","N/A","T2"
"752","V00752","voiture","essence","Private","21","Zéro émission","T1"
"753","V00753","voiture","diesel","Private","21","N/A","T1"
"754","V00754","voiture","electric","Private","21","Zéro émission","T1"
"755","V00755","bus","diesel","RTM","13","Euro6","T2"
"756","V00756","voiture","electric","Private","21","Zéro émission","T1"
"757","V00757","métro","electric","TBM","11","Zéro émission","T3"
"758","V00758","vélo","human","Private","22","Zéro émission","T4"
"759","V00759","voiture","electric","Private","21","Zéro émission","T1"
"760","V00760","tram","electric","CTS","9","Zéro émission","T5"
"761","V00761","vélo","human","Private","22","Zéro émission","T4"
"762","V00762","bus","diesel","CTS","2","EURO 5","T2"
"763","V00763","voiture","diesel","Private","21","N/A","T1"
"764","V00764","voiture","electric","Private","21","Zéro émission","T1"
"765","V00765","tram","electric","Tisséo","5","Zéro émission","T5"
"766","V00766","bus","diesel","TaM","1","Euro6","T2"
"767","V00767","tram","electric","TCL","14","Zéro émission","T5"
"768","V00768","métro","electric","Ilévia","9","Zéro émission","T3"
"769","V00769","vélo","electric","Private","22","Zéro émission","T4"
"770","V00770","vélo","electric","Private","22","Zéro émission","T4"
"771","V00771","métro","electric","Tisséo","4","Zéro émission","T3"
"772","V00772","vélo","electric","Private","22","Zéro émission","T4"
"773","V00773","bus","diesel","RATP","11","EURO 5","T2"
"774","V00774","vélo","electric","Private","22","Zéro émission","T4"
"775","V00775","vélo","Human ","Private","22","Zéro émission","T4"
"776","V00776","vélo","human","Private","22","Zéro émission","T4"
"777","V00777","bus","electric","RTM","10","Zéro émission","T2"
"778","V00778","bus","diesel","TaM","15","N/A","T2"
"779","V00779","bus","electric","TCL","15","Zéro émission","T2"
"780","V00780","métro","electric","RATP","9","Zéro émission","T3"
"781","V00781","voiture","essence","Private","21","N/A","T1"
"782","V00782","tram","electric","RTM","5","Zéro émission","T5"
"783","V00783","vélo","human","Private","22","Zéro émission","T4"
"784","V00784","tram","electric","RTM","5","Zéro émission","T5"
"785","V00785","métro","electric","TCL","1","Zéro émission","T3"
"786","V00786","métro","electric","RATP","11","Zéro émission","T3"
"787","V00787 ","métro","electric","Tisséo","11","Zéro émission","T3"
"788","V00788","bus","electric","Tisséo","8","Zéro émission","T2"
"789","V00789","voiture","electric","Private","21","Zéro émission","T1"
"790","V00790","bus","diesel","TCL","15","EURO 6","T2"
"791","V00791","bus","hybrid","RATP","15","EURO 6","T2"
"792","V00792","vélo","human","Private","22","Zéro émission","T4"
"793","V00793 ","voiture","electric","Private","21","Zéro émission","T1"
"794","V00794","bus","hybrid","Lignes d'Azur","15","EURO 5","T2"
"795","V00795","bus","diesel","TBM","11","N/A","T2"
"796","V00796","vélo","electric","Private","22","Zéro émission","T4"
"797","V00797","voiture","diesel","Private","21","EURO 5","T1"
"798","V00798","voiture","electric","Private","21","Zéro émission","T1"
"799","V00799","bus","electric","CTS","15","Zéro émission","T2"
"800","V00800","bus","hybrid","RTM","14","Zéro émission","T2"
"801","V00801","métro","electric","TaM","15","Zéro émission","T3"
"802","V00802","tram","electric","Lignes d'Azur","4","Zéro émission","T5"
"803","V00803","bus","hybrid","TAN","9","EURO 6","T2"
"804","V00804","bus","electric","Lignes d'Azur","15","Zéro émission","T2"
"805","V00805","voiture","essence","Private","21","Euro6","T1"
"806","V00806","voiture","electric","Private","21","Zéro émission","T1"
"807","V00807","bus","hybrid","TCL","5","Zéro émission","T2"
"808","V00808","métro","electric","TBM","11","Zéro émission","T3"
"809","V00809","bus","hybrid","Ilévia","9","Euro6","T2"
"810","V00810","vélo","electric","Private","22","Zéro émission","T4"
"811","V00811","bus","hybrid","Lignes d'Azur","15","EURO 5","T2"
"812","V00812","voiture","essence","Private","21","EURO 6","T1"
"813","V00813","vélo","electric","Private","22","Zéro émission","T4"
"814","V00814","voiture","essence","Private","21","EURO 6","T1"
"815","V00815","bus","diesel","RTM","9","N/A","T2"
"816","V00816","bus","hybrid","Ilévia","15","Euro6","T2"
"817","V00817","vélo","human","Private","22","Zéro émission","T4"
"818","V00818","voiture","electric","Private","21","Zéro émission","T1"
"819","V00819","métro","electric","Lignes d'Azur","3","Zéro émission","T3"
"820","V00820","voiture","electric","Private","21","Zéro émission","T1"
"821","V00821","bus","electric","RATP","3","Zéro émission","T2"
"822","V00822","voiture","diesel","Private","21","EURO 6","T1"
"823","V00823","métro","electric","RATP","5","Zéro émission","T3"
"824","V00824","voiture","diesel","Private","21","Euro6","T1"
"825","V00825","voiture","electric","Private","21","Zéro émission","T1"
"826","V00826","vélo","human","Private","22","Zéro émission","T4"
"827","V00827","métro","electric","Tisséo","8","Zéro émission","T3"
"828","V00828","voiture","diesel","Private","21","EURO 6","T1"
"829","V00829","tram","electric","Lignes d'Azur","5","Zéro émission","T5"
"830","V00830","tram","electric","RATP","12","Zéro émission","T5"
"831","V00831","voiture","essence","Private","21","Zéro émission","T1"
"832","V00832","tram","electric","TAN","5","Zéro émission","T5"
"833","V00833","bus","hybrid","Lignes d'Azur","2","EURO 6","T2"
"834","V00834","voiture","essence","Private","21","N/A","T1"
"835","V00835","voiture","electric","Private","21","Zéro émission","T1"
"836","V00836","bus","electric","RTM","13","Zéro émission","T2"
"837","V00837","tram","electric","RATP","4","Zéro émission","T5"
"838","V00838","vélo","human","Private","22","Zéro émission","T4"
"839","V00839","bus","diesel","Lignes d'Azur","11","EURO 6","T2"
"840","V00840","tram","electric","TAN","15","Zéro émission","T5"
"841","V00841","bus","diesel","RTM","11","EURO 5","T2"
"842","V00842","bus","diesel","RTM","14","EURO 5","T2"
"843","V00843","voiture","diesel","Private","21","N/A","T1"
"844","V00844","voiture","essence","Private","21","Zéro émission","T1"
"845","V00845","bus","diesel","RATP","4","Euro6","T2"
"846","V00846","bus","electric","Tisséo","5","Zéro émission","T2"
"847","V00847","voiture","diesel","Private","21","EURO 5","T1"
"848","V00848","bus","hybrid","TBM","12","EURO 6","T2"
"849","V00849","métro","electric","Ilévia","11","Zéro émission","T3"
"850","V00850","bus","diesel","RATP","9","EURO 5","T2"
"851","V00851","bus","electric","TBM","13","Zéro émission","T2"
"852","V00852","voiture","essence","Private","21","EURO 5","T1"
"853","V00853","vélo","electric","Private","22","Zéro émission","T4"
"854","V00854","bus","hybrid","RTM","2","EURO 6","T2"
"855","V00855","voiture","electric","Private","21","Zéro émission","T1"
"856","V00856","bus","hybrid","Ilévia","15","Zéro émission","T2"
"857","V00857","vélo","electric","Private","22","Zéro émission","T4"
"858","V00858","vélo","electric","Private","22","Zéro émission","T4"
"859","V00859","voiture","electric","Private","21","Zéro émission","T1"
"860","V00860","bus","electric","Lignes d'Azur","14","Zéro émission","T2"
"861","V00861","voiture","diesel","Private","21","N/A","T1"
"862","V00862","bus","hybrid","RATP","4","Euro6","T2"
"863","V00863","bus","hybrid","TCL","9","N/A","T2"
"864","V00864","vélo","human","Private","22","Zéro émission","T4"
"865","V00865","voiture","electric","Private","21","Zéro émission","T1"
"866","V00866","voiture","essence","Private","21","Zéro émission","T1"
"867","V00867","vélo","electric","Private","22","Zéro émission","T4"
"868","V00868","tram","electric","Lignes d'Azur","10","Zéro émission","T5"
"869","V00869","vélo","electric","Private","22","Zéro émission","T4"
"870","V00870","voiture","electric","Private","21","Zéro émission","T1"
"871","V00871","bus","diesel","Lignes d'Azur","7","EURO 5","T2"
"872","V00872","voiture","electric","Private","21","Zéro émission","T1"
"873","V00873","bus","electric","RTM","10","Zéro émission","T2"
"874","V00874","voiture","electric","Private","21","Zéro émission","T1"
"875","V00875","voiture","essence","Private","21","EURO 5","T1"
"876","V00876","bus","hybrid","Lignes d'Azur","2","N/A","T2"
"877","V00877","voiture","Diesel ","Private","21","N/A","T1"
"878","V00878","vélo","electric","Private","22","Zéro émission","T4"
"879","V00879","voiture","electric","Private","21","Zéro émission","T1"
"880","V00880","voiture","essence","Private","21","Zéro émission","T1"
"881","V00881","voiture","electric","Private","21","Zéro émission","T1"
"882","V00882","bus","hybrid","TAN","4","Zéro émission","T2"
"883","V00883","voiture","electric","Private","21","Zéro émission","T1"
"884","V00884","voiture","essence","Private","21","Zéro émission","T1"
"885","V00885","tram","electric","TBM","13","Zéro émission","T5"
"886","V00886","bus","diesel","Tisséo","11","EURO 5","T2"
"887","V00887","vélo","electric","Private","22","Zéro émission","T4"
"888","V00888","voiture","essence","Private","21","EURO 5","T1"
"889","V00889","bus","hybrid","RATP","13","EURO 6","T2"
"890","V00890","voiture","Electric","Private","21","Zéro émission","T1"
"891","V00891","bus","electric","RTM","14","Zéro émission","T2"
"892","V00892","vélo","human","Private","22","Zéro émission","T4"
"893","V00893","métro","electric","RTM","15","Zéro émission","T3"
"894","V00894","tram","electric","RATP","5","Zéro émission","T5"
"895","V00895","tram","electric","RTM","11","Zéro émission","T5"
"896","V00896","vélo","electric","Private","22","Zéro émission","T4"
"897","V00897","métro","electric","TaM","15","Zéro émission","T3"
"898","V00898","vélo","electric","Private","22","Zéro émission","T4"
"899","V00899","métro","electric","TBM","15","Zéro émission","T3"
"900","V00900","tram","electric","Tisséo","8","Zéro émission","T5"
